,beer_names,style,07-30-2022
0,Hatchet,Pilsner - German,3.58
1,Skillet Donut Stout,Stout - Coffee,4.17
2,Billhook Farmhouse Ale,Farmhouse Ale - Saison,3.7
3,Scythe Rye IPA,IPA - Rye,3.92
4,Hacksaw Dunkel,Lager - Munich Dunkel,3.65
5,Spade IPA,IPA - American,3.65
6,Pollination IV,Farmhouse Ale - Saison,
7,Pollination V,Farmhouse Ale - Saison,
8,Pollination VI,Farmhouse Ale - Saison,3.76
9,Thatcher Harvest Ale,Pumpkin / Yam Beer,3.79
10,Pruner Olde Ale,Old Ale,3.78
11,Bouclier Saison,Farmhouse Ale - Saison,
12,Rake Autumn Wit,Wheat Beer - Witbier / Blanche,3.59
13,Slasher Sweet Potato Porter,Porter - American,3.73
14,Crowbar Black Saison,Farmhouse Ale - Saison,3.71
15,Mangleknife Barleywine,Barleywine - American,3.75
16,Cascara,Farmhouse Ale - Saison,3.91
17,Las Milpas,Farmhouse Ale - Saison,4.21
18,Haru,Farmhouse Ale - Saison,
19,Atu Lintang,Farmhouse Ale - Saison,4.0
20,Mallet Chocolate Cherry Stout,Stout - American,3.77
21,Surf Wax IPA,IPA - American,3.99
22,Machete Extra Farmhouse,Farmhouse Ale - Saison,3.73
23,Flora Petite Saison,Farmhouse Ale - Saison,3.68
24,Snowblade Winter Wit,Wheat Beer - Witbier / Blanche,3.69
25,Wood-Aged Series Belgian Blonde (Yellow Birch),Belgian Blonde,3.83
26,Èpice Farmhouse Ale,Farmhouse Ale - Saison,3.65
27,Hayfork,Farmhouse Ale - Saison,3.56
28,Vice - Motueka,IPA - American,3.64
29,Trapdoor Doppelsticke,Altbier,3.61
30,Natura,Wild Ale - American,
31,Pollination VII,Farmhouse Ale - Saison,
32,Pollination VIII,Farmhouse Ale - Saison,
33,Pollination IX,Farmhouse Ale - Saison,3.67
34,Crosscut Imperial IPA,IPA - Imperial / Double,3.88
35,Spile Maple Amber,Red Ale - American Amber / Red,3.52
36,Dagger Belgian Black,Belgian Strong Dark Ale,3.76
37,Bale Hook Rye Saison,Farmhouse Ale - Saison,3.63
38,Battle Axe Belgian Strong,Belgian Strong Dark Ale,3.67
39,Shuriken Saison,Farmhouse Ale - Saison,3.76
40,Rye Saison Bale Book,Farmhouse Ale - Saison,
41,Flail,Pale Ale - Belgian,3.36
42,Sluice DH Blonde - Simcoe,Blonde Ale,
43,Sluice DH Blonde - Opal,Blonde Ale,
44,Sluice DH Blonde - Sorachi,Blonde Ale,
45,Fourche Biere De Mars,Farmhouse Ale - Bière de Mars,3.58
46,Kama Jasmine Stout,Stout - Other,3.8
47,Pipewrench Strong Scotch Ale,Scotch Ale / Wee Heavy,3.97
48,Pollination - Naked,Farmhouse Ale - Saison,
49,Pollination - Rose,Farmhouse Ale - Saison,
50,Pollination - Heather,Farmhouse Ale - Saison,
51,Vice - Aramis,Pilsner - German,3.83
52,Pollination X: Honey,Farmhouse Ale - Saison,3.82
53,Pollination XI: Earl Grey,Farmhouse Ale - Saison,3.89
54,Pollination Saison,Farmhouse Ale - Saison,3.76
55,Tonneau Original,Farmhouse Ale - Saison,
56,Tonneau Wild,Farmhouse Ale - Saison,4.05
57,Tonneau Southyeast Native,Farmhouse Ale - Saison,
58,Gandasa Double IPA,IPA - Imperial / Double,4.04
59,Hayknife Amber Saison,Farmhouse Ale - Saison,3.62
60,Native Carolina Saison,Farmhouse Ale - Saison,3.78
61,Vice Single Hop W/ Rakau,Pale Ale - American,3.78
62,Gastronomy Porter (Pepper Blend),Porter - Other,
63,Gastronomy (Apples & Cinnamon),Porter - American,
64,Cantilever Honey Melon Blonde,Belgian Blonde,3.83
65,Smudge Stick,Farmhouse Ale - Saison,3.86
66,Shepherd's Crook Wallonian Ale,Brown Ale - Belgian,3.58
67,Ripsaw Double White IPA,IPA - Belgian,3.66
68,Corncob Smoked Porter,Smoked Beer,3.61
69,Peach White IPA,Fruit Beer,
70,Grass Whip Spring Wit,Wheat Beer - Witbier / Blanche,3.34
71,Bolo Coconut Brown,Brown Ale - American,3.9
72,Maul Imperial Red,Red Ale - American Amber / Red,3.36
73,Tomahawk,Golden Ale,3.64
74,Ivan Drago,Wild Ale - American,3.46
75,Tommy Gunn,Wild Ale - American,3.62
76,Native II,Farmhouse Ale - Saison,3.67
77,Vice Mandarina Pils,Pilsner - Other,
78,Grater Ginger Saison,Farmhouse Ale - Saison,3.68
79,Trowel Pale Ale,Pale Ale - American,3.69
80,Trowel Pale Ale,Pale Ale - English,
81,The Crucifix Tripel,Belgian Tripel,3.78
82,Francisca,Farmhouse Ale - Saison,3.64
83,Tong And Fork,Red Ale - American Amber / Red,3.48
84,Sheller Peanut Butter Stout,Stout - American,3.89
85,Rye Helles,Lager - Helles,3.62
86,Last Of A Rye'n Breed,Lager - Helles,3.46
87,Vise Simcoe,IPA - American,3.75
88,Ono Golden Saison,Farmhouse Ale - Saison,3.41
89,Corkscrew French Blanc,Wheat Beer - Witbier / Blanche,3.17
90,Sawblade Export Stout,Stout - Foreign / Export,3.87
91,Saw Blade Export Stout,Stout - Foreign / Export,3.84
92,Flat Head,Pale Ale - American,3.16
93,Tack Hammer Session Stout,Stout - Other,3.52
94,Farmhouse Drunken Noodles,Farmhouse Ale - Saison,3.73
95,Èpice Noel,Farmhouse Ale - Saison,3.27
96,Shepherd's Crook Abbey Ale,Other,
97,Green Tea Honey Saison,Farmhouse Ale - Saison,3.79
98,Sawback,Farmhouse Ale - Saison,3.65
99,Haysaw,Farmhouse Ale - Saison,3.76
100,Seyval Belgian Blonde,Belgian Blonde,3.62
101,Francisca Satsuma Blonde,Belgian Blonde,
102,Fixie Single Lot Session,Pale Ale - American,3.63
103,Magnum P.A.,Pale Ale - American,
104,3 Men 1 Baby Milk Porter,Porter - Other,3.75
105,The Gentleman,Brown Ale - American,
106,Wolf Moon Rose Imperial Stout,Stout - Imperial / Double,4.14
107,Pipehawk,IPA - Session,3.58
108,The Shroud Belgian Dubbel,Belgian Dubbel,3.69
109,Spice Hawk,Farmhouse Ale - Saison,3.24
110,Snow Moon White Tea Imperial Wit,Wheat Beer - Witbier / Blanche,4.08
111,Tiller 7 Grain Saison,Farmhouse Ale - Saison,3.66
112,Saison D'Orient,Farmhouse Ale - Saison,3.77
113,Reciprocation Hoppy Juniper Ale,Pale Ale - American,3.6
114,Lavandula Orange Lavender Stout,Stout - American,3.62
115,Worm Moon Absinthe Rouge Tripel,Belgian Tripel,4.01
116,Ink Well,Schwarzbier,3.53
117,Hugo Stiglitz Hopfenweizen,Wheat Beer - Hefeweizen,3.75
118,Rebar American Porter,Porter - American,3.64
119,Blade & Sheath,Farmhouse Ale - Saison,3.77
120,Pink Moon Pink Grapefruit Saison,Farmhouse Ale - Saison,3.93
121,Snack Attack,Brown Ale - American,3.57
122,Thumbscrews,IPA - Imperial / Double Black,3.9
123,Magpie On the Gallows,Farmhouse Ale - Saison,3.85
124,Flower Moon Black Trappist Bouquet,Belgian Tripel,3.83
125,The Bog Cranberry Belgian Ale,Pale Ale - Belgian,3.77
126,Shadowclock Pilsner,Pilsner - German,3.74
127,Camulet,Farmhouse Ale - Saison,3.79
128,The Remains,Belgian Dubbel,3.78
129,Crucifix Tripel Red Wine Barrel Aged,Belgian Tripel,3.73
130,Kukai Cucumber Brett,Wild Ale - American,3.82
131,Rites of Passage,Wild Ale - American,3.84
132,Strawberry Moon Strawberry Leaf Tripel,Belgian Tripel,4.01
133,Raspberry Moon Raspberry Leaf Blonde,Belgian Blonde,4.01
134,Trellis Cucumber Wit,Wheat Beer - Witbier / Blanche,3.42
135,Endless Summer,IPA - White / Wheat,3.85
136,The Prayer Biere D'Prune,Farmhouse Ale - Bière de Garde,3.74
137,Sturgeon Moon Saison of the Sea,Farmhouse Ale - Saison,3.76
138,Vaya Con Dios,IPA - American,4.22
139,Mattock Belgian Cherry Stout,Stout - Other,3.8
140,The Rosary Belgian Export Stout,Stout - Foreign / Export,3.88
141,The Shroud Belgian Dubbel Aged In Malbec Barrels And Medjool Dates,Belgian Dubbel,3.95
142,The Prayer Biere D' Peche,Belgian Blonde,3.67
143,Beacon Heather Gruit,Historical Beer - Gruit / Ancient Herbed Ale,3.64
144,The Harvesters Pear Saison,Farmhouse Ale - Saison,3.68
145,Smorgasbord Juniper Rye Porter,Porter - Other,3.74
146,Harvest Moon Watermelon & Mint Blonde,Belgian Blonde,3.87
147,Horehound ESB,Bitter - Extra Special / Strong (ESB),3.31
148,Excavator Belgian Tripel,Belgian Tripel,3.7
149,Griddle Imperial Espresso Stout,Stout - Imperial / Double,4.26
150,The Forge Blackberry Hazelnut Brown,Brown Ale - American,3.86
151,The Prayer Biere Des Tropiques,Belgian Blonde,3.85
152,The Stone of Madness,Farmhouse Ale - Saison,3.51
153,Tears of the Sun God,Farmhouse Ale - Saison,3.98
154,The Triumph of Death Sumac Saison,Farmhouse Ale - Saison,3.88
155,Hermit Saints Saison,Farmhouse Ale - Saison,3.97
156,Honey Boo Boo Honey Tripel,Belgian Tripel,3.58
157,Sieve Salted Cascara Witbier,Wheat Beer - Witbier / Blanche,3.6
158,The Forge Crabapple Spiced Berliner Weiss,Sour - Berliner Weisse,4.05
159,The Confession Belgian Stout,Stout - Other,3.89
160,Keeper's Veil Honey Saison,Farmhouse Ale - Saison,3.75
161,Hunter's Moon Blood Orange American Strong Ale,Strong Ale - American,4.07
162,Beaver Moon Imperial Brown Ale,Brown Ale - Imperial / Double,4.1
163,Book of the Dead,Stout - Foreign / Export,4.03
164,Harrow Flower IPA,IPA - American,3.83
165,The Forge Cerveza Tomatillo Verde,Lager - Mexican,3.89
166,The Forge Kombucha Imperial Stout,Stout - Imperial / Double,3.72
167,Crucible India Black Lager,Lager - Dark,3.78
168,Cold Moon Cedar Sage Winter Ale,Winter Warmer,3.88
169,Ammunition Horchata Dark Ale,Brown Ale - American,4.08
170,Mittens Citrus Winter Wit,Wheat Beer - Witbier / Blanche,3.6
171,The Forge Rauchbier,Rauchbier,3.45
172,The Forge Loganberry Gruit,Historical Beer - Gruit / Ancient Herbed Ale,3.89
173,Praline Pecan Porter,Porter - American,4.0
174,Mint Julep Belgian Blonde,Belgian Blonde,3.87
175,Hurricane Ipa,IPA - American,3.96
176,The Forge Weizenbock,Bock - Weizenbock,3.83
177,The Forge Dry-hopped Sour,Sour - Other,3.99
178,The Relic,Belgian Quadrupel,3.73
179,The Adoration of the Mystic Lamb,IPA - Brett,3.83
180,The Forge Clementine Hoppy Strong Ale,Strong Ale - American,3.87
181,The Tabernacle,Stout - American,4.03
182,The Prayer Biere d'Cobbler,Belgian Blonde,3.78
183,Saint Hildegard,Farmhouse Ale - Saison,3.78
184,Ship of Fools Barrel Fermented Grisette,Farmhouse Ale - Grisette,3.84
185,The Prayer - Biere De Pie,Farmhouse Ale - Bière de Garde,3.75
186,Lawn Chair,Pale Ale - American,3.78
187,The Planet of Doom,Belgian Strong Dark Ale,3.89
188,Aussie Vise,Pale Ale - Australian,3.66
189,De Swaen,Porter - Other,3.58
190,Siege Machine,IPA - American,3.95
191,Farm Tool Tropical Saison,Farmhouse Ale - Saison,4.06
192,Terrestrial Paradise 2016,Farmhouse Ale - Saison,3.85
193,Hunt In the Forest Spruce Saison,Farmhouse Ale - Saison,3.72
194,1980 T.R.G.,Historical Beer - Gruit / Ancient Herbed Ale,3.71
195,Innertube,Lager - American Light,3.63
196,Spoon & Hook,Lager - Pale,3.83
197,The Forge Rye India Black Ale,Rye Beer,3.88
198,Billows,Kölsch,3.73
199,The Ocean Swallows the Sun,Sour - Traditional Gose,3.94
200,Technicolor,Farmhouse Ale - Saison,3.6
201,The Allegory of the Elements,Farmhouse Ale - Saison,3.87
202,The Forge IPA W/spelt & Coffee,IPA - American,3.96
203,Anno Domini MMXVI,Farmhouse Ale - Saison,4.05
204,The Shrine,Belgian Strong Golden Ale,4.03
205,Motorhawk,Porter - American,3.74
206,Self-Titled Album: Intro,Stout - Imperial / Double,3.86
207,The Archer at the Gates,Belgian Enkel / Patersbier,3.66
208,Sifter,Stout - American,3.98
209,The Forge: Double Red Ale With Passion Fruit And Papaya,Red Ale - Imperial / Double,3.8
210,The Forge: Cucumber Mint Lime Gose,Sour - Traditional Gose,3.99
211,The Two Prophets,Farmhouse Ale - Saison,3.9
212,Mankind Beset By Devils Quadrupel,Belgian Quadrupel,4.0
213,Tribute To the Patron,Rye Beer,3.68
214,The Forge: Bier De Chickpea,Pale Ale - American,3.69
215,The Parable of the Sower,Farmhouse Ale - Saison,3.76
216,The Priory,Pale Ale - Belgian,3.72
217,The Crossing of Cosmic Frequencies Farmhouse Pale Ale,Pale Ale - American,3.88
218,Sugar Hiccup,Farmhouse Ale - Saison,3.69
219,A Profound Sense of Courage,Wheat Beer - Wheat Wine,3.81
220,Springbok,Bock - Single / Traditional,3.5
221,Izakaya Afternoon,Farmhouse Ale - Saison,3.55
222,Spikeharrow,IPA - Session,3.61
223,The Forge Pear-Ginger Saison,Farmhouse Ale - Saison,3.82
224,The Brazen Serpent,Farmhouse Ale - Saison,3.65
225,The First Miracle,Farmhouse Ale - Saison,3.76
226,The Resurrection Pulpit,Other,3.88
227,Resurrection Pulpit,Specialty Grain,3.96
228,The Forge: Rice Saison With Wild Plums,Farmhouse Ale - Saison,3.68
229,The Forge: Cream Ale,Cream Ale,3.49
230,The Forge: Fresh Hop Honey Ale,Pale Ale - American,4.08
231,Black Phoenix,IPA - Imperial / Double Black,4.05
232,Searchers Who Are Lovers,Wheat Beer - American Pale Wheat,3.92
233,Love's Easy Tears,Stout - American,3.74
234,Hopless Romantic,Historical Beer - Gruit / Ancient Herbed Ale,3.28
235,Tuskhorn,IPA - American,3.9
236,East 99,IPA - American,4.13
237,The Transfiguration,Farmhouse Ale - Saison,3.92
238,The Organization of the Ten Craft,Blonde Ale,3.69
239,The Forge: Hoppy Serrano Brown Ale,Brown Ale - American,3.93
240,Set Adrift Upon A Sea,Farmhouse Ale - Saison,3.86
241,The Coronation,Belgian Tripel,3.96
242,Self-Titled Album: Verse,Stout - Imperial / Double Milk,3.89
243,Tempranillo Spelt Saison,Farmhouse Ale - Saison,3.95
244,From Tolland With Love,Specialty Grain,3.75
245,The Precision of the Sinner,Farmhouse Ale - Saison,3.84
246,Skullsaw Porter,Porter - American,3.73
247,Microplane,Belgian Blonde,3.68
248,The Forge: Multi-Grain Saison,Farmhouse Ale - Saison,3.68
249,Depths of My Inner Sorrow,IPA - American,4.01
250,The Fable of the Wise And Foolish,Other,3.67
251,Both Ways,Lager - IPL (India Pale Lager),3.94
252,Sickle Mosaic Pale Ale,Pale Ale - American,3.85
253,Sepulcher,Porter - Baltic,3.91
254,Celestial Masters,Historical Beer - Gruit / Ancient Herbed Ale,3.96
255,The Discovery of Honey,Historical Beer - Gruit / Ancient Herbed Ale,3.8
256,Ferraris & Floral Fabrics,Sour - Other,4.17
257,Spoon 100% Brett Pale Ale,Pale Ale - American,3.69
258,The Prayer Biere De Tourte,Belgian Blonde,3.89
259,Gift To the Centaur,Farmhouse Ale - Saison,3.42
260,Earth As We Now Know It,IPA - American,4.05
261,Voorhamer (Double Barrel Brandy And Bourbon Aged),Stout - Imperial / Double,4.49
262,The Dagger Trials Pale Ale,Pale Ale - American,3.87
263,The Root of Our Addiction,Historical Beer - Gruit / Ancient Herbed Ale,3.9
264,Fall of the Rebel Angels (2018 Release),Farmhouse Ale - Saison,4.01
265,Dire And Ever-Circling Wolves,Farmhouse Ale - Saison,3.78
266,Weathered Scythe – Rye Barrel-Aged Rye IPA,IPA - American,4.03
267,Weathered Scythe – Bourbon Barrel-Aged Rye IPA,IPA - American,3.98
268,Waves Crash Upon Us - Brett Pale,Pale Ale - American,3.8
269,Gin Fizz Saison,Farmhouse Ale - Saison,3.8
270,Cullenary Wizard - Adambier,Other,3.89
271,The Melancholy of Departure,Farmhouse Ale - Saison,4.04
272,Firestick IPA,IPA - American,3.93
273,Self-Titled Album: Chorus,Stout - Imperial / Double,4.17
274,Messer - Kottbusser,Historical Beer - Kottbusser,3.7
275,Shallow Water Kolsch,Kölsch,3.71
276,Ritualknife,Mead - Braggot,3.89
277,Stay G-O-L-D,IPA - American,4.19
278,Kindling Coffee Kolsch,Kölsch,3.77
279,Pantalones Flacos Temporada Lima Con Sal,Brett Beer,3.72
280,A World of Obstacles Overcome,Pale Ale - American,3.73
281,A Most Fitting Death,IPA - Imperial / Double,4.0
282,The Sun Is Too Bright,Sour - Traditional Gose,
283,The Hamilton Porter - S'mores Porter,Porter - American,4.13
284,Butcherhook Porter,Porter - American,3.7
285,Two Dollars,Pale Ale - American,3.64
286,The Persistence of Memories,IPA - Imperial / Double,4.24
287,Firecracker,IPA - American,
288,The Remnants of the Fallen,Farmhouse Ale - Saison,3.95
289,When We Were Phantoms,IPA - Imperial / Double,4.06
290,$2 American Pale Ale,Pale Ale - American,3.61
291,Misery Whip Barrel-Aged Rye IPA,IPA - Rye,3.82
292,Dope Chocolate Vanilla Imperial Stout,Stout - Imperial / Double,4.21
293,Deep In the Orbit Sour Pale Ale,Wild Ale - American,3.96
294,Fierce Invalids Hoppy Pilsner,Pilsner - Other,3.77
295,Fall of the Damned (2017 Release),Sour - Flanders Red Ale,4.14
296,In the Throes of Disembodiment,Stout - Imperial / Double,4.08
297,Insatiable Penchant For Vice,Sour - Fruited Berliner Weisse,3.9
298,Clairvoyance Yazu Saison,Farmhouse Ale - Saison,3.8
299,Billoceans,Kölsch,3.88
300,Dawn of Sacred Lands,Farmhouse Ale - Saison,3.81
301,Dining With Jeff,Stout - American,3.8
302,Feast of Sada,Wheat Beer - Witbier / Blanche,3.85
303,Baklava Skillet 2017,Stout - American,4.25
304,Gingersnap Skillet 2017,Stout - American,4.09
305,Blueberry Cardamom Skillet 2017,Stout - American,4.03
306,Fernet Skillet 2017,Stout - American,3.53
307,Sour Blended Skillet 2017,Stout - American,4.11
308,A Paranormal Vibe,IPA - Imperial / Double,4.17
309,The Separation of Light and Darkness,Farmhouse Ale - Saison,4.05
310,Wrathmaker Brett IPA,IPA - American,3.87
311,Momentary Inception DIPA,IPA - Imperial / Double,4.25
312,The Glow of Glistening Fangs,Pale Ale - American,3.55
313,Between Science And Superstition,Historical Beer - Gruit / Ancient Herbed Ale,3.75
314,Post-Apocalyptic Awakening,IPA - Imperial / Double,4.17
315,White Saison,Farmhouse Ale - Saison,
316,The Rise of Perilous Things,Farmhouse Ale - Saison,3.83
317,The Cosmic And Divine,Stout - Imperial / Double,4.15
318,Episodes of A Hermit Life,Sour - Traditional Gose,3.94
319,The Crystal Sphere,IPA - Imperial / Double,4.13
320,Terrestrial Paradise 2017,Pale Ale - American,3.78
321,The Sacrament,Belgian Strong Golden Ale,3.9
322,The Plague,Wild Ale - American,3.75
323,Interstellar Invertebrates,IPA - American,4.05
324,The Walls of God Entomb Us,Belgian Blonde,3.8
325,The Field Has Eyes,Farmhouse Ale - Saison,3.94
326,Path of Totality,Farmhouse Ale - Saison,4.01
327,Survivors of Damnation,Sour - Traditional Gose,3.67
328,The Righteous Few,IPA - White / Wheat,3.85
329,Blackfalls,Porter - Baltic,4.0
330,Own Benefactor,IPA - American,3.97
331,Allegory of Gluttony And Lust,IPA - Imperial / Double,4.22
332,Flowers of Tokushima,Specialty Grain,4.17
333,The Baptism,Wheat Beer - Witbier / Blanche,3.6
334,The Terror Within,Sour - Traditional Gose,3.77
335,Helvede Brød,Brown Ale - Imperial / Double,4.21
336,The Consequences of Humanity,IPA - Imperial / Double,4.24
337,Dawn of the Supernatural,IPA - American,3.85
338,In the Arms of Death,Farmhouse Ale - Saison,3.56
339,The Illusion of Secrecy,Sour - Berliner Weisse,3.87
340,Content In Wayward,Sour - Berliner Weisse,3.72
341,Hawkwind,IPA - American,3.84
342,Archaic Souls,Farmhouse Ale - Saison,3.75
343,Clairvoyant Metamorphosis,IPA - American,4.08
344,Zodiacal Light,Farmhouse Ale - Saison,4.07
345,Jealousy & Murder,Farmhouse Ale - Saison,4.18
346,The Blood of the Sun,Sour - Traditional Gose,3.89
347,Culture Keepers Festbier,Festbier,3.85
348,The Final Serenade,IPA - Imperial / Double,3.96
349,The Pantheon,Wheat Beer - Dunkelweizen,3.67
350,Jumping the Pool,Sour - Other,3.99
351,The Gods Among Us - Estate Saison,Farmhouse Ale - Saison,3.81
352,Bright Lights & Butterfly Blades,Sour - Other,4.03
353,Out of Body Experience DIPA,IPA - Imperial / Double,4.29
354,Mouthbreather Waffleweizen,Wheat Beer - Dunkelweizen,3.2
355,Memories of Pure Anguish,Sour - Other,4.14
356,The Occulture,IPA - American,3.88
357,The Foolish Elder,Farmhouse Ale - Saison,3.38
358,The Closed Mind Withers Malort Saison,Farmhouse Ale - Saison,3.84
359,Vessels of Sound,Sour - Other,
360,The Door To the Next Realm,IPA - Imperial / Double,4.24
361,Eternal Life Is On My Trail,IPA - Imperial / Double,4.05
362,Wandering In the Vast Emptiness,Sour - Berliner Weisse,3.83
363,The Pain That Kills,Sour - Traditional Gose,3.7
364,Ulfberht Baltic Porter,Porter - Baltic,3.96
365,Whence We Came,IPA - Black / Cascadian Dark Ale,4.11
366,The Shattered Remains of Reality,Stout - Imperial / Double,4.19
367,Waffles With Jeff,Stout - American,4.15
368,Enslaved By False Dreams,Farmhouse Ale - Saison,4.06
369,Ensnared By Distorted Delusion,Farmhouse Ale - Saison,3.92
370,The Repentance,Brown Ale - Belgian,3.7
371,The Reaper,Belgian Tripel,4.09
372,Bloodtusk Kellerbier Lager (2017),Kellerbier / Zwickelbier,3.74
373,In the Sirens and Silences,IPA - Imperial / Double,4.28
374,The Merging of Souls,Sour - Other,3.94
375,Allure of Total Darkness,Sour - Other,4.28
376,Go With the Flow,IPA - American,
377,The Earth As We Now Know It,IPA - Imperial / Double,4.24
378,The Veracity of Soulgazing,IPA - American,4.19
379,The Prayer (Mangos And Honey),Belgian Blonde,3.76
380,An Exultant Salutation Amaro Dark Ale With Herbs,Dark Ale,3.82
381,To Rise Through the Ashes,Stout - Imperial / Double,3.86
382,Pinnacle of Dreams Rye Lager,Lager - American,3.78
383,The Fiery Underbelly of Total Consciousness Horchata Imperial Brown Ale,Brown Ale - Imperial / Double,4.16
384,Tiny Haunting Specks of Life (w/ Brett),Sour - Other,3.88
385,Triangular Culture,Other,
386,The Eroding Winds Saison Ale With Brettanomyces And Yuzu,Farmhouse Ale - Saison,3.74
387,Eternal Triangle Mixed Culture Farmhouse Beer,Wild Ale - American,4.12
388,Visions of A Valkyrie,IPA - American,4.15
389,Pools of Emerald Green Pale Lager,Lager - Pale,3.84
390,Hellstar,Lager - Munich Dunkel,3.85
391,Goldenfeather,Pale Ale - American,4.03
392,This Golden Carriage To Oblivion Double India Pale Ale,IPA - Imperial / Double,4.21
393,Sanguine Spires of Attrition Berliner Weisse,Sour - Berliner Weisse,3.84
394,Graveflower,Farmhouse Ale - Saison,3.92
395,Anyway,IPA - American,4.15
396,The Heir of Malevolence Petit Brett Ale,Table Beer,3.77
397,Inverted Fields Ablaze Smoked Maibock Lager,Lager - Amber,3.8
398,The Weaponry of a Mind's Eye,Sour - Flanders Oud Bruin,4.24
399,The Countess of Internment,Pale Ale - Belgian,3.65
400,The Shimmering Appearance,Winter Ale,
401,Peel Back the Dead Earth,Farmhouse Ale - Saison,3.86
402,Death And the Miser,Sour - Flanders Red Ale,4.11
403,Crystalline Prophecies,Farmhouse Ale - Saison,4.27
404,Our Celestial Endings,Sour - Other,3.92
405,Dreams Given To Reality,Sour - Other,3.92
406,Descent of the Scavengers,Farmhouse Ale - Saison,3.96
407,A Completely Different Nature,IPA - American,3.93
408,The Supremity of Being,Sour - Other,3.94
409,The Bridge of Restraint,Farmhouse Ale - Saison,3.84
410,Garden of Earthly Delights IV (2018),Farmhouse Ale - Saison,4.08
411,To Streak Blood Across My Brow,IPA - Imperial / Double,4.33
412,The Taste of Obliteration,Sour - Other,3.81
413,A Temple To Blackness Above,Sour - Other,3.9
414,Our Last Rites,Lager - Pale,
415,The Expulsion of Devils,IPA - Imperial / Double,4.21
416,Passage of Condemnation Amaro Ale,Barleywine - Other,
417,Harnessing Ruin,IPA - American,3.68
418,Song of the Phantom,Sour - Other,4.13
419,Plateau of the Ages,Farmhouse Ale - Saison,4.15
420,The Tearing of Flesh From Bone,IPA - Imperial / Double,4.27
421,Le Tube Petit,Lager - American Light,3.43
422,Felled In Howling Wind,Stout - American,3.77
423,Beacon of the Abyss,Lager - Helles,3.74
424,The Deafening Song of Silence,IPA - American,4.14
425,Death In the Distance,IPA - American,4.21
426,From Darkness There Will Be Light,IPA - Imperial / Double,4.26
427,Revival of the Forgotten,Farmhouse Ale - Saison,3.76
428,Our Last Rites,Lager - Pale,3.58
429,Velvet Cocoon,Sour - Other,4.13
430,When I Surfed the Sky,IPA - Imperial / Double,4.26
431,Root Beer Float Skillet,Stout - Coffee,3.73
432,Maple Bacon Donut Aged Skillet,Stout - Other,4.07
433,Unto Luminous Depths,Sour - Other,4.03
434,Tiny Haunting Specks of Life,Sour - Other,
435,An Unquenchable Fire,Farmhouse Ale - Saison,3.72
436,A Taste of Obliteration,Sour - Other,3.89
437,The Oracle's Possessor,Farmhouse Ale - Saison,3.87
438,Anno Domini MMXVIII,Sour - Other,4.1
439,Mexican Cake Skillet,Stout - Other,4.32
440,Everything Is Roses,Stout - Imperial / Double,3.85
441,Bloodtusk Keller Pils,Pilsner - German,3.76
442,Hysteria At Dawn,Red Ale - American Amber / Red,3.65
443,Celestial Effigy,Pale Ale - American,
444,Saison Du VIVIAN,Farmhouse Ale - Saison,4.0
445,The Power of People,Pale Ale - American,3.55
446,Voodoo Woman,Stout - Imperial / Double,
447,Martyrs of the Resistance,IPA - Imperial / Double,4.0
448,The Ballad of Chaos,Brown Ale - Imperial / Double,4.22
449,Prismatic Visions,IPA - Imperial / Double,4.28
450,Portal To Transgression,Porter - American,3.95
451,Sanctuary of Shadows,Lager - Dark,3.7
452,By Decree of the Goddess,Farmhouse Ale - Saison,3.81
453,Banished To Silence,IPA - American,3.73
454,Opus of the Bleeding Orb,Farmhouse Ale - Saison,3.91
455,The Tranquility Amid Terror,IPA - American,4.09
456,The Conception of Entropy,Mild - Other,3.65
457,An Uncharted Depth,Farmhouse Ale - Saison,3.79
458,Slaughtered Fates,Sour - Other,4.05
459,Premium Lager,Lager - American Light,3.7
460,Orange Creamsicle,Sour - Berliner Weisse,
461,A Closed Mind Withers,Farmhouse Ale - Saison,
462,Baptized In Blood,Wheat Beer - Witbier / Blanche,3.58
463,Terrestrial Paradise 2018,Pale Ale - American,3.93
464,A Manifestation of Time,Lager - Vienna,3.73
465,Otherworldly Entities,Farmhouse Ale - Saison,3.8
466,From Graves of Valor,Sour - Other,4.07
467,Behind Closed Eyelids,Wild Ale - American,
468,Beneath Cascading Tides,Sour - Other,4.19
469,Resurrection of Riches,Pale Ale - American,3.9
470,Thin Blades of Obsidian,Farmhouse Ale - Saison,3.77
471,Structure Melt And Diffuse,Pale Ale - American,3.88
472,Sword of Crucifixion Golden Sour Ale,Sour - Other,4.05
473,A Violent Voyage To Impermanence,IPA - Imperial / Double,4.13
474,Vivid Portents of Doom,Sour - Other,4.12
475,Proof,Belgian Quadrupel,
476,Heaven Becomes Me,Sour - Other,4.05
477,Divine Beasts,Lager - American Light,3.66
478,The Brutality of Gazing Into Death,IPA - Imperial / Double,4.19
479,The Mortal Dimensions of the Spiritual,IPA - American,4.04
480,Merciless Disciple,Blonde Ale,3.47
481,Oasis of Imagination,Lager - Pale,3.73
482,Dawn For the Departed,IPA - American,4.23
483,Fresh Hop Shadowclock,Pilsner - German,3.92
484,Tome of the Wild Woods,Porter - American,
485,Of Strength And Solace,Farmhouse Ale - Saison,3.88
486,Its A Wash,Sour - Other,
487,Creature Comforts Oktoberfest,Märzen,3.61
488,The Entrails of the Perished,IPA - Imperial / Double,4.21
489,Metallic Vessels,Lager - American,4.02
490,Suffused With Profound Ritual,Farmhouse Ale - Saison,3.87
491,Asymmetrical Anguish,Mild - Other,3.73
492,This Is Bob,IPA - Imperial / Double,4.2
493,Vibrant Feedback,Lager - Amber,3.75
494,The Remains With Coffee,Belgian Dubbel,4.04
495,Sidra,Cider - Traditional / Apfelwein,3.36
496,Censured For Vices,Lager - Pale,3.78
497,Our Hearts of Ruin,Pilsner - Other,3.97
498,Feast From the Slaughter,Barleywine - American,4.27
499,Dominions of Light,Sour - Berliner Weisse,3.36
500,Labyrinth of the Moon,Sour - Fruited,
501,Disciples of Evil,IPA - Imperial / Double,4.15
502,The Bad Luck Lullaby,Sour - Other,
503,Ceremony of Exhumation,Farmhouse Ale - Saison,4.26
504,The Forever Nothing,Pale Ale - American,3.75
505,Nostalgia of the Revenant,Brown Ale - American,4.0
506,Feast Upon the Slaughter,Barleywine - English,4.18
507,Isn't Anything,IPA - Imperial / Double,4.05
508,Static At the Bend,Sour - Other,4.11
509,The Surface of Sanity,Sour - Other,4.08
510,Scythewine,Barleywine - Other,
511,Tapestries of Torture,Sour - Fruited,
512,Tessellation of Space,Stout - Imperial / Double,4.11
513,Triumph of Death (2019),Farmhouse Ale - Saison,
514,Like Everlasting Shadows,Bock - Doppelbock,3.95
515,Wandering And Cosmic Consciousness,Belgian Enkel / Patersbier,3.69
516,The Mutilation,IPA - Imperial / Double,4.26
517,Isn't Anyththing Botanical,IPA - Imperial / Double,3.96
518,Lurking In the Moonshadow,Porter - American,3.81
519,Land of Eternity,Lager - American,3.67
520,Oblique Passages To Nowhere,Sour - Berliner Weisse,4.01
521,Inhabited By Ghosts,IPA - Imperial / Double,4.3
522,Mustache With A Gun,Sour - Other,3.95
523,The Carnage We Left Behind,Sour - Fruited,
524,Working In the Shadow,Porter - Other,
525,I Used To Be An Athlete,IPA - Imperial / Double,4.41
526,Eyes Like the Sky,Farmhouse Ale - Saison,3.64
527,The Crown of Divination,Stout - Imperial / Double,4.02
528,Liturgy of the Forever Silenced,IPA - Triple,4.39
529,These Incendiary Devices,IPA - American,4.11
530,Before the Descent To Hell,Sour - Flanders Oud Bruin,3.92
531,Andes Mint Skillet Donut Stout,Stout - Coffee,4.27
532,Reflections In A Mirage,Sour - Other,3.22
533,Quietly Into Empty Spaces,Farmhouse Ale - Bière de Garde,4.02
534,Oaken Chalice,Farmhouse Ale - Grisette,3.83
535,The Rise of the Merciless,Farmhouse Ale - Saison,4.14
536,Of Dust And Discontent,Lager - Pale,3.78
537,The Solace Among Slaughterous Rage,IPA - Imperial / Double,4.21
538,Death Is But A Door,IPA - Black / Cascadian Dark Ale,3.95
539,Cavities of Bloodshed,IPA - Imperial / Double,4.17
540,Drop the Guillotine,IPA - Imperial / Double,4.23
541,Ritual Anonymity,Pilsner - Other,3.9
542,Torrent of Souls,Farmhouse Ale - Saison,4.03
543,Ancient Rituals,Sour - Other,3.96
544,The Ultimate Ride,IPA - American,3.88
545,Three Dimensional,Pilsner - Other,3.83
546,Talonsword,IPA - Imperial / Double,4.19
547,The Righteous And Barbaric Souls,Stout - Imperial / Double,4.21
548,Irish Coffee,Stout - Coffee,4.28
549,Sour Amaro Ale,Sour - Other,2.5
550,The Perished Vision Remains,Sour - Other,3.75
551,Dragonfruit,IPA - American,
552,The Requiem,Shandy / Radler,3.93
553,Cloaked In Deceit,Farmhouse Ale - Saison,4.09
554,Concepts of Dismemberment,IPA - Imperial / Double,4.23
555,The End Is Never Near,IPA - Session,3.93
556,Double IPA W/Pineapple And Mango,IPA - Imperial / Double,4.05
557,Lake of Eternal Shadows Dopplesticke Lager,Lager - Dark,3.94
558,Vividly Depicted Hauntings,IPA - American,4.22
559,An Abstract Reverie,Farmhouse Ale - Saison,3.64
560,The Realm of Absolute Nothingness,Stout - Imperial / Double,4.42
561,Reverence of the Wren,Stout - Imperial / Double,3.98
562,Camp Kolsch,Kölsch,3.79
563,Hymn of the Serpent,Stout - Foreign / Export,4.1
564,The Allegory of Immortality,Sour - Other,4.07
565,Crypt of Thorns,Märzen,3.75
566,Born From Death,Farmhouse Ale - Saison,3.82
567,Difficulties In Comprehension,IPA - Imperial / Double,4.16
568,A Cursed Path to Nowhere,Stout - Imperial / Double,4.41
569,The River of Transcendence,IPA - American,4.07
570,The Departure of Souls,IPA - American,4.08
571,Vulgarity of Haste,Farmhouse Ale - Grisette,
572,Feral Gates of Flesh,Sour - Other,4.09
573,Difficulties In Comprehension (Oolong Variant),IPA - Imperial / Double,4.04
574,Difficulties In Comprehension (Limoncello Variant),IPA - Imperial / Double,4.05
575,The Decapitation of Morbidity,IPA - American,4.19
576,The Garden of Earthly Delights V (2019),Farmhouse Ale - Saison,4.11
577,Enlightened By the Distortion,Farmhouse Ale - Saison,
578,The River of Transcendence,IPA - American,4.03
579,The Departure of Souls,IPA - American,4.06
580,Display of Vulgarities,IPA - Imperial / Double,4.25
581,Vicious Cycle,IPA - Imperial / Double,4.17
582,The Orphans of Consciousness,Sour - Other,4.11
583,An Abyss of Human Experience,IPA - Triple,4.38
584,Idol For None,Stout - Imperial / Double,4.43
585,Through the Gates of the Sleepy Silver Door,Pale Ale - American,3.98
586,The Trance of Expanding Light,Pale Ale - American,4.0
587,Jet Black Hallucinations,Porter - American,3.61
588,Skrileleet,Stout - American,
589,Death And the Miser (2018 Vintage),Sour - Other,4.18
590,Ascent of the Blessed (2019),Sour - Other,4.07
591,This Immortal Coil,Lager - IPL (India Pale Lager),3.93
592,Until There Is No Longer,IPA - American,4.22
593,Krystal Artifakts,IPA - American,4.06
594,No Dawn,Malt Liquor,3.71
595,The Pall of Ominous Aura,IPA - American,3.9
596,Black Coffee Lager,Lager - Dark,4.15
597,Yeast of Eden,Farmhouse Ale - Saison,
598,Anno Domini MMXIX,Stout - Imperial / Double,4.41
599,Sixth Passing,IPA - Imperial / Double,4.29
600,Ain't It Wild,IPA - Imperial / Double,3.98
601,Heavy,Lager - American Light,3.83
602,Fall of the Damned (2019),Sour - Other,4.22
603,Fall of the Rebel Angels (2019 Release),Sour - Other,4.05
604,Repentance,Sour - Other,4.26
605,Modern Savage,Sour - Other,
606,Before I Fade From Consciousness,IPA - American,3.86
607,Remnants of the Kill,IPA - Imperial / Double,4.2
608,Parallel Delusions,Wheat Beer - Other,3.71
609,Blended Golden Sour With Chokeberries,Sour - Other,3.77
610,The Things We Conjure,IPA - American,4.19
611,Sixth Sense,IPA - Session,
612,The Abomination,IPA - New England / Hazy,
613,A State of Utter Savagery,Sour - Other,4.07
614,A Portal Towards Nonexistence,Stout - Imperial / Double,4.44
615,I've Been Called Worse,Sour - Other,4.19
616,Those Who Made It Out,IPA - Imperial / Double,4.23
617,The Endless Suffer,Pilsner - Other,3.81
618,Adoration of the Mystical Melon,IPA - American,4.06
619,Beyond the Fields We Know,Pale Ale - American,3.93
620,Deathstalker,IPA - American,4.15
621,Sixth Cycle,IPA - Imperial / Double,
622,I Think We Should Go Home,IPA - Imperial / Double,4.37
623,The Mayhem of Endless Nonsense,Stout - Imperial / Double,4.35
624,Tapestries of Torture,Sour - Other,4.05
625,Of Strength And Solace,Sour - Other,4.02
626,Other Forms of Evil,Pilsner - Other,3.96
627,The Venom Vigil,IPA - Imperial / Double,4.17
628,Into the Eyes of the Maker,Sour - Fruited,4.01
629,What We Imagined,IPA - American,4.02
630,To Forsake These Demented Ramblings,IPA - American,4.07
631,I'm Actually Feeling Like All Is Right With the World And None of This Matters,Stout - Imperial / Double,4.5
632,Stop Thinking About What You Want,Stout - Imperial / Double,4.47
633,Paracosm of the Grotesque,IPA - Imperial / Double,4.22
634,Quietly Into Empty Spaces,Farmhouse Ale - Bière de Garde,4.14
635,Sezion Fillion,Farmhouse Ale - Saison,3.8
636,Something Pure,Lager - American,3.77
637,Allured By the Endless Void,Sour - Berliner Weisse,3.87
638,Mystic Circles of Severed Dreams,IPA - Imperial / Double,4.28
639,Salted Caramel Peanut Butter,Stout - Imperial / Double,
640,In the Fall of Our Truth,IPA - American,4.21
641,Tempest of the Swelling Sea,Sour - Other,3.92
642,Into the Hereafter,Pale Ale - American,3.84
643,Dead Meadow,Pale Ale - American,
644,Kilometer Zero,Pilsner - Other,3.52
645,Ample Absurdity,Bock - Doppelbock,3.91
646,Celestial Altar,IPA - American,4.26
647,Sideways,Mild - Other,3.7
648,Fabrications of the Nonbeliever,Stout - Imperial / Double,4.5
649,Illogical Rantings of Non-Sequitur,Stout - Imperial / Double,4.39
650,Exodus of Salvation,Sour - Fruited,4.07
651,The Echoing Call of the Ever Creeping Sloth,Lager - Pale,3.77
652,The Objects We Hold Dear,Sour - Other,3.95
653,The Perils of Living In Pretend,Sour - Fruited,4.0
654,Triumph of Death (2019),Sour - Other,3.97
655,Celestial Lager,IPA - American,
656,Chow Chow,IPA - American,3.9
657,Ballad of Broken Beaks,Golden Ale,3.88
658,These Portals Into Piercing Awakening,Porter - Baltic,4.12
659,Ruffian,IPA - Black / Cascadian Dark Ale,
660,Lethal Dose,IPA - Imperial / Double,4.05
661,The Allegory of Immortality,Sour - Other,4.15
662,Faint Glimpses of Fabled Musings,Sour - Other,
663,The Wild Yet Unforgotten,Sour - Other,
664,Existential Vapors,Smoked Beer,3.52
665,Catacombs of Righteousness,Porter - American,3.81
666,A Brutal Departure Nonetheless,Stout - Imperial / Double,4.39
667,Disciples of Agony,IPA - Imperial / Double,4.31
668,Lords of the Roost,IPA - American,4.04
669,Catacombs of Righteousness,Porter - Other,3.6
670,Asymmetrical Anguish With Coffee Bean,Mild - Other,3.66
671,A Moment For Introspection,Pale Ale - American,3.77
672,Bolo - Earl Grey Latte,Brown Ale - American,3.84
673,Bolo - Cocoa Seeds,Brown Ale - American,3.94
674,Bolo - Hawaiian,Brown Ale - American,3.89
675,Bolo - German Chocolate Cake,Brown Ale - American,4.03
676,Bolo - Horchata,Brown Ale - American,4.07
677,A Lethal Departure Nonetheless,Stout - Imperial / Double,
678,The Objects That We Hold Dear,Sour - Other,
679,The Exodus of Salvation,Sour - Other,3.89
680,Disciples of Tormenting Ruin,IPA - Imperial / Double,
681,Streak of Blood,IPA - Imperial / Double,4.01
682,Impaled By Indoctrination,IPA - American,3.99
683,ICED,Lager - American,3.7
684,Kilometer 0,Lager - Strong,
685,For Now We Are Laid To Rest,Brown Ale - Other,4.32
686,A Shrine of Nonexistence,Stout - Imperial / Double,4.5
687,Portal Beyond Nonexistence,Stout - Imperial / Double,4.54
688,The Brightly Lit Trail of the Dead,IPA - Imperial / Double,4.35
689,Under A Tide of Eternal Conquest,IPA - Imperial / Double,4.26
690,Sirens of Abstraction,Kellerbier / Zwickelbier,3.85
691,Tombs of Technicolor,Sour - Other,4.1
692,The Extinction of Useless Light,Sour - Other,4.12
693,The Nothing They Need,IPA - American,3.96
694,Mild Ale With Coffee,Traditional Ale,
695,Fragmented Shards of Subconscious,IPA - Imperial / Double,4.3
696,March Into Torture,Pale Ale - American,3.8
697,Death Letter Lager,Lager - Dark,
698,Two Things Together,IPA - American,3.85
699,To Wear the Feathers of Slain Beasts,Sour - Other,3.86
700,These Tombs of Technicolor,Sour - Other,3.92
701,This Is My Real Face,IPA - Imperial / Double,4.16
702,The Piercing Shrill of Resurrection,Farmhouse Ale - Saison,3.42
703,The Art of Dissonance,Lager - Amber,3.71
704,Warheads Aren't Make Believe,Sour - Other,
705,A Transfiguration of Conscious Avarice,Stout - Imperial / Double,4.28
706,The Steady Death,IPA - American,4.2
707,The Shadow of Our Final Days,IPA - Triple,4.42
708,The Martyr,Stout - Coffee,3.91
709,Things We Leave Behind,Sour - Other,
710,The Gravitational Pull of Inevitability,IPA - Imperial / Double,
711,Passageway To Apocalypse,IPA - Imperial / Double,4.09
712,Spiral,Pilsner - Other,3.69
713,Hollow of Despair,Sour - Other,3.97
714,Rotten Flesh of the Dead and Gone,Stout - Coffee,3.95
715,When You Lay In Your Grave,IPA - Imperial / Double,4.29
716,A Descriptive Nonsense of Deft Ease,IPA - American,
717,The Allure of Total Darkness,Sour - Other,4.34
718,This Earthen Helix of Death,IPA - Imperial / Double,4.26
719,Be Whatever You Shall Manifest,Brown Ale - Imperial / Double,4.25
720,Deliver Us To Evil,Stout - Imperial / Double,4.32
721,Teleportation To the Neverending,Stout - Imperial / Double,4.23
722,Celebration of Evil,Bock - Doppelbock,3.96
723,A Descriptive Nonsense of Deft Ease,Pale Ale - American,3.96
724,Forestry Camp Pils,Pilsner - Other,3.95
725,Extraterrestrial Occult,IPA - American,4.23
726,Coalescence of Hives,Sour - Other,3.94
727,Beyond the Rift,IPA - Triple,4.32
728,The Chorus of Chaos,Brown Ale - Imperial / Double,4.43
729,Glory Is Goldenbock,Bock - Hell / Maibock / Lentebock,3.82
730,Aimless And With Absolute Judgement,Sour - Fruited,4.03
731,Detroit Tiger Blood,Sour - Fruited,
732,Beach Waffles,Stout - American,4.44
733,Perils of Wrath,Sour - Other,3.94
734,Fantastical Apparitions of Nonesuch,Stout - Imperial / Double,4.46
735,Wildly Erratic Conspiracies of Nonesuch,Stout - Imperial / Double,4.4
736,Symptom of Progeny,Sour - Other,4.13
737,Coffeeclock,Pilsner - Other,
738,I Learned It By Watching You,IPA - Imperial / Double,4.31
739,Existential Dread,IPA - Imperial / Double,4.24
740,The Absolution,Brown Ale - American,3.76
741,"My Dreams, Come True",Stout - Imperial / Double,4.36
742,Who Knew,Stout - Imperial / Double,4.31
743,A Doom For the Superorganism,IPA - Imperial / Double,4.23
744,Apt Sacrifice,Lager - American,3.75
745,The Mercy,Porter - American,3.87
746,A Modern Ballad of Self-Torture,IPA - American,4.19
747,The Inception of Ritualistic Malice,IPA - American,4.11
748,A Righteousness All For Naught,Stout - Imperial / Double,4.41
749,Finite Spectrum of Existence,IPA - Triple,4.36
750,A Divine Intervention That Came To Naught,Stout - Imperial / Double,4.38
751,Feral Gates of Flesh,Sour - Other,3.99
752,When We Were the Sky,Sour - Traditional Gose,3.98
753,Rick's Wife's Nuts,Stout - American,4.27
754,Skillet Donut Stout (with Orange And Chocolate),Stout - American,4.04
755,Skillet Donut Stout (with Raspberry And Hazelnut),Stout - American,4.11
756,To Live With Hell Upon Us,IPA - Imperial / Double,4.3
757,The Penance,Mild - Other,3.74
758,A Place of Perpetual Ruin,IPA - Imperial / Double,4.2
759,Wounds That Cannot Heal,Sour - Other,3.93
760,Distributed Denial of Service,Kellerbier / Zwickelbier,3.93
761,Ascent of the Blessed (2020),Sour - Other,4.12
762,The Things Saved From Prayer,Sour - Fruited,4.1
763,Deauville Cocktail,Sour - Other,3.79
764,A Recurrent Plea,Lager - American,4.11
765,In the Company of Premonitions,IPA - American,3.86
766,Pitiless Indifference,Lager - Dark,3.94
767,Born Unto These Street Gutters,IPA - Imperial / Double New England / Hazy,4.31
768,Tonin' the Barbarian,IPA - American,4.16
769,Delusional Deformities,IPA - Imperial / Double,4.34
770,This Unraveling Mortality,Cider - Graff,3.38
771,Pathway of Supremacy,Pilsner - Other,3.99
772,Eternal Damnation,Farmhouse Ale - Saison,3.87
773,A Mortally Conscious Decay,IPA - Imperial / Double,4.33
774,"Everybody's Got To Live, Everybody's Got To Die",Stout - Imperial / Double,4.33
775,Disciples of Agony (2020 Release),IPA - Imperial / Double,4.34
776,A Departure From the Dawn,IPA - American,4.4
777,To Stand In the Shadow of Immortality,IPA - American,4.15
778,Tremé Pale Ale,Pale Ale - American,3.89
779,A Portal Beyond Nonexistence (2020 and onward),Stout - Imperial / Double,4.44
780,A Portal Into Infinite Nonexistence (2020 Release),Stout - Imperial / Double,4.47
781,The Atonement,Stout - Irish Dry,3.88
782,A Most Melancholy Visual,IPA - Imperial / Double New England / Hazy,4.38
783,The Separation Of Light And Darkness With Peaches (2019 Harvest),Farmhouse Ale - Saison,4.23
784,Camp Saison,Farmhouse Ale - Saison,4.12
785,Rationality Shall Run Its Course,IPA - American,4.24
786,Empire of Eternal Nothingness,Stout - Imperial / Double,4.52
787,The Stillness of a Personal Hell,IPA - Imperial / Double,4.31
788,All Together,IPA - New England / Hazy,4.22
789,Violent Contrasts And Sublime Beauty,IPA - New England / Hazy,4.16
790,The Beginning Is After the End,Porter - Coffee,4.14
791,Apostle For None,Stout - Imperial / Double,4.49
792,Ornaments of the Reckoning,Pilsner - Czech,4.1
793,Anatomical Transmutation,IPA - Imperial / Double,4.41
794,We Didn't Need A Real World,IPA - Triple,4.46
795,Tearing Flesh From Bone (2020 Release),IPA - Imperial / Double,4.29
796,Eighth Nail (Pine Box Collab),Sour - Fruited,4.19
797,A Silence Beyond Comprehension,IPA - American,4.28
798,I Was Particles Among the Sky And My Existence Became Nevermore,Stout - Imperial / Double Milk,4.48
799,Crown of Grudges,IPA - Imperial / Double,4.34
800,Fall of the Damned (2020 Release),Sour - Fruited,4.17
801,The Revival,Pale Ale - American,3.67
802,Exhumation of Restless Souls,Lager - Vienna,3.93
803,A Fall From Grace,Farmhouse Ale - Saison,3.94
804,What Came To Be,Farmhouse Ale - Saison,4.09
805,Seventh Passing,Stout - Imperial / Double,4.48
806,Amidst A Metaphorical Psychobabble,IPA - Triple New England / Hazy,4.5
807,Fall of the Rebel Angels (2020 Release),Sour - Fruited,4.04
808,Augmentation of Reality,Pilsner - Imperial / Double,4.19
809,Anno Domini MMXX,Stout - Milk / Sweet,4.4
810,Power of Rebellion,IPA - American,4.05
811,Laid Beneath the Dirt,Stout - Imperial / Double Milk,
812,How This Will End,IPA - Imperial / Double,4.32
813,A Sense of Somewhat Normalcy,IPA - American,4.28
814,I Used To Consider the Consequences,IPA - Imperial / Double,4.44
815,Nothing In Between,Sour - Other,3.99
816,The Power of Voice,IPA - American,3.91
817,Condemnation,IPA - Imperial / Double,4.24
818,Black Is Beautiful,Stout - Imperial / Double,4.31
819,From Precarious Places,Sour - Other,4.19
820,People Power IPA,IPA - American,4.06
821,In Between the Madness And Mortality,IPA - Triple,4.42
822,The Bedlam in a World of Endless Nonsense,Stout - Imperial / Double Coffee,4.47
823,The Lunar Pendulum of Vacant Light,Barleywine - Other,4.35
824,Panacea of Collective Consciousness,Pale Ale - American,3.94
825,An Infinite Nothing,Stout - Imperial / Double,4.58
826,Transformative Disfiguration,IPA - Imperial / Double,4.38
827,Reimagination of the Nonbeliever,Stout - Imperial / Double,4.45
828,Provision Lager,Lager - Strong,3.93
829,The Gravity of Weightless,Sour - Other,4.11
830,Things Unimaginable,IPA - American,4.28
831,Portal Between Genesis And Nonexistence,Stout - Imperial / Double,4.45
832,Magnificent Forever,Sour - Other,4.27
833,The Fate of All Things,IPA - Imperial / Double,4.36
834,A Cruel World Nevertheless,Stout - Imperial / Double,4.33
835,The Reverance In Ruin,IPA - American,4.07
836,When We Were the Sky,Sour - Traditional Gose,
837,The Bastards of Lucidity,Wild Ale - American,4.08
838,Never Said I Would Stay True,IPA - Imperial / Double,4.21
839,A Deranged Meditation of Nonsequitur,Stout - Imperial / Double,4.46
840,Casting Portents of Discontent,Brett Beer,3.63
841,Melty Wolf,IPA - Imperial / Double New England / Hazy,
842,Intangible Expressions of Sentient Minds,Sour - Fruited,4.19
843,The Distortion,IPA - Triple,4.46
844,Camp Confection (only at Forestry Camp),Stout - Imperial / Double,4.43
845,Invocation On the River of Laments,Bock - Doppelbock,3.9
846,Camp Spritz,Dark Ale,3.96
847,Apparitional Disintegration,IPA - Imperial / Double,4.32
848,Illusions of Enlightenment,IPA - Imperial / Double,4.22
849,A Mausoleum of Nonconformance,Stout - Imperial / Double,4.36
850,Everything Dies,Sour - Other,4.14
851,Blood Stained Idols,IPA - New England / Hazy,4.0
852,Until It Ceases To Be,IPA - Imperial / Double,4.35
853,"The Laughter, the Petulance, And the Scorn",IPA - Imperial / Double,4.36
854,The Shattered Remains of Nothingness,Stout - Imperial / Double,4.42
855,Forestry Camp Saison,Farmhouse Ale - Saison,
856,Evolved From Nothing,Stout - Imperial / Double,4.42
857,The Fortress of Immaculate Thought,Sour - Fruited,4.17
858,Interdimensional Amalgamation,IPA - Imperial / Double,4.35
859,Deformation,Pilsner - Other,3.97
860,Obelisk of Sinister Will,Lager - Vienna,3.85
861,Spectre In the Phenomenon,IPA - American,
862,A Spectre In the Phenomenon,IPA - American,4.16
863,Into the Well,IPA - Imperial / Double,4.24
864,A Question of Who And Why,IPA - American,4.11
865,Acquiescence of the Nonconformist,Stout - Imperial / Double,4.27
866,Things Saved For Prayer,Sour - Fruited,4.21
867,Levitation of the Overlord,Sour - Other,4.17
868,A Guillotine of Contemplation,IPA - Imperial / Double,4.32
869,Misfits of Reverberance,IPA - Imperial / Double,4.33
870,Malcontents of Dissonance,IPA - Triple,4.43
871,I'm Glad I'm Not Going Anymore It's Totally Miserable Out There,Stout - Imperial / Double,4.4
872,An Allowable Sense of Precaution,Stout - Imperial / Double,4.11
873,A Savage Kingdom of Madness,Stout - Imperial / Double,4.37
874,The Peace We Found In Tombs,Strong Ale - Other,4.31
875,From Grave To Glory,Sour - Fruited,4.18
876,Heavier Notions,Lager - American,3.95
877,Isn’t Enough,Stout - Imperial / Double Pastry,4.37
878,People Power Mild,Mild - Other,3.81
879,The Only Trail From Nowhere,Stout - Imperial / Double,4.43
880,Manifestations of Majestic Memoir,IPA - American,4.0
881,The Slow Down,IPA - Imperial / Double,4.33
882,A Brilliantly Deformed Corpse Nevertheless,Stout - Imperial / Double,4.47
883,Camp Pale,Pale Ale - American,3.85
884,The Fragility of Aging Beasts,IPA - American,4.06
885,The Riches of Regenerative Spectacle,Sour - Fruited,3.93
886,The Land of Many Moons,Farmhouse Ale - Saison,4.07
887,Cannibalistic Methodologies,IPA - Imperial / Double,4.39
888,The Demons That Reason With Me,IPA - Triple New England / Hazy,4.41
889,Forsaken Blatherings of Nonsequitur,Stout - Imperial / Double,4.45
890,Reason Being,Pilsner - Other,3.94
891,Feast of Suffering,IPA - Imperial / Double,4.33
892,This Blasphemous Laminated Lambasting Nonsensicalness,Stout - Imperial / Double,4.33
893,The Images We Left Behind,Sour - Other,4.09
894,When We Lived On Other Planets,IPA - American,4.05
895,Immolation of Hallowed Fields Smoked Porter,Smoked Beer,4.0
896,Postmodern Depictions of Natural Phenomena,IPA - Imperial / Double,4.37
897,The Menacing Aura of A World Believing In Nothing,Stout - Imperial / Double,4.56
898,Awakened In the Depths of the Neverending,Stout - Imperial / Double,4.49
899,The Opulence of What Once Was,IPA - Imperial / Double,4.32
900,Being Nowhere Going Everywhere,Porter - Other,4.0
901,Prophetmaker,Pale Ale - American,3.93
902,I Sit Among An Infestation of Useless Violence,IPA - Imperial / Double,4.4
903,Not A Thing Left To Say,IPA - Triple,4.5
904,The Searcher and the Savage is Me,IPA - American,4.06
905,Walking Through the Abyss Into Nowhere,Stout - Imperial / Double Pastry,4.51
906,End of Plagues,IPA - American,4.2
907,A Final Space For Lost Souls,IPA - Imperial / Double,4.38
908,A Faint Glimmer of Hope Notwithstanding,Stout - Imperial / Double,4.09
909,Apostles of Solitude,IPA - New England / Hazy,4.03
910,Perceptions of Carnage,IPA - Imperial / Double,4.41
911,Dark,Lager - Dark,3.96
912,Following Serpents,Sour - Other,4.08
913,Immortal Initiation of the Naysayer,Stout - Imperial / Double,4.4
914,Despite All This Lunacy,IPA - American,4.22
915,The Heavenly Atmosphere of Unrelenting Nothingness,Stout - Imperial / Double,4.48
916,Ulfbehrt Foudre-Aged,Porter - Baltic,4.05
917,Treme American Wild Ale,Wild Ale - American,
918,Heaven Is Wasted On the Dead,IPA - Imperial / Double,4.38
919,Salvation For None,Stout - Imperial / Double,4.3
920,Reflections of Disillusionment,IPA - Imperial / Double,4.26
921,Spectacle of Martyrdom,Mild - Dark,3.84
922,A Monolithic Theory of A Spirit Neverseen,Stout - Imperial / Double,4.49
923,Essence of Longevity,Sour - Other,3.97
924,Mirage of Forester,Stout - Imperial / Double,4.36
925,This Is Where I Left My Lucidity,IPA - Imperial / Double New England / Hazy,4.1
926,Above the Rippling Water,Cider - Ice / Applewine,
927,Preternatural Ambiance,IPA - Imperial / Double,4.37
928,A Methodical Monotony That Was Neverhere,Stout - Imperial / Double,4.41
929,Celebration of Evil,Bock - Doppelbock,
930,The Blood They Spilled,Sour - Other,3.97
931,Riches To Regenerative Spectacle,Sour - Fruited,
932,The Wake of Time's Cruel Slaughter Is Neverfading,Stout - Imperial / Double,4.47
933,Visuals Mulled Cider,Cider - Other Fruit,3.29
934,The Consequences of Humanity (2021 Release),IPA - Imperial / Double,4.35
935,And We Pray,Farmhouse Ale - Saison,3.95
936,Captive To Psychotic Urge,IPA - Triple,4.42
937,Victims Aren't We All,IPA - American,4.17
938,A Constant State of Panic,IPA - American,3.96
939,Mythologies of Realism,IPA - Imperial / Double,4.35
940,The Steady Resonance of Voices Neverheard,Stout - Imperial / Double,4.36
941,Evidence That Life Still Remains,IPA - American,4.24
942,Reptar Juice,IPA - American,
943,Welcome To H-E Double Hockey Sticks,Lager - Dark,4.0
944,A Chapel of Ease,IPA - Imperial / Double,4.24
945,The Hallowed Ascent of the Neverstill,Stout - Imperial / Double,4.5
946,Warpaint,IPA - American,4.2
947,In Between Ruin And Lucidity,IPA - Triple,4.42
948,Where Defining Boundaries And Crucial Logic Neverstood,Stout - Imperial / Double,4.38
949,Philosophical Ideologies of Moralistic Indignation,IPA - Imperial / Double New England / Hazy,4.34
950,This Morsel of Mortality Is Nevergone,Stout - Imperial / Double,4.27
951,A Lair of Perpetual Flourishing,Sour - Other,3.98
952,Somatic Effect,Lager - American,3.84
953,Go In Shadows,Sour - Other,3.76
954,Heavy Resin,IPA - Imperial / Double,4.19
955,Kindred Beings,IPA - New England / Hazy,4.12
956,Rust,Lager - Vienna,3.96
957,Increasingly Valid Form of Expression,Sour - Other,3.93
958,Philosophical Ideologies of Moralistic Indignation (NITRO),IPA - Imperial / Double,4.16
959,Philosophically the Same,IPA - American,
960,A Glut of Cerebral Nomenclatures,IPA - American,3.99
961,A Rather Genuine Expression of Apathy,IPA - American,4.12
962,Paradoxical Contemplations of Nonsequitur,Stout - Imperial / Double,4.37
963,Go In Shadows,Sour - Other,4.03
964,Imaginative Exaggeration,IPA - Imperial / Double,4.38
965,Have Everything And Have Nothing At All,Pilsner - Other,3.94
966,These Damning Theories of Nonesuch,Stout - Imperial / Double,4.45
967,But For Societal Constraints,Farmhouse Ale - Saison,3.94
968,"A 1993 Portrait of Karmic Existence, Where the Ability To Stop Time Was Neverthere",Stout - Imperial / Double Coffee,4.57
969,It Gives Them Purpose In A World Where They Do Nothing,Stout - Imperial / Double,4.45
970,Altar of the Shunned,IPA - American,4.12
971,Bourbon Barrel Aged Strong Ale,Strong Ale - Other,
972,Whatever You're After It's Not Inside,IPA - Imperial / Double,4.27
973,And Just Don't Die This Time,IPA - American,4.14
974,A Saying of Prayers,Barleywine - Other,4.18
975,Playoff Mode,Lager - Dark,4.03
976,A Space For Sacrilege,Sour - Other,3.87
977,Cryptic Hymns,Bock - Hell / Maibock / Lentebock,3.93
978,A Portrait of Discombobulated Sanctimony,IPA - Imperial / Double,4.34
979,Skillet Snacks,Stout - Pastry,4.08
980,Divination of the Prophetess,Pale Ale - American,3.93
981,Mango Crush,Sour - Fruited,
982,Tiramisu Skillet,Stout - Coffee,4.02
983,Spice World Skillet,Stout - Coffee,4.03
984,Toast Yay Skillet,Stout - Coffee,4.11
985,Irish Slammer Skillet,Stout - Coffee,4.04
986,Ascent of the Blessed (2021),Sour - Fruited,4.01
987,The Everlasting Is A Pathway For No One,Stout - Imperial / Double,4.35
988,Total Disbelief in All Reality,IPA - American,4.16
989,Skillet Macchiato,Stout - Coffee,
990,Into Dust,IPA - Imperial / Double,4.32
991,Fall of the Rebel Angels (2021 Release),Sour - Fruited,4.08
992,Normal Is Damnation’s Insult,IPA - American,4.18
993,Of A Dying Season,Mead - Other,
994,Pursuit,Lager - Helles,3.96
995,With Nothing But A Clear Conscience,IPA - Triple New England / Hazy,4.44
996,Deliberate Distortions of Truth,IPA - Imperial / Double,4.38
997,Duh,IPA - American,4.02
998,Humanity Is A Wasteland of Boredom,Pilsner - Other,4.02
999,Eighth Passing,Stout - Imperial / Double,4.48
1000,Anno Domini MMXXI,Stout - Imperial / Double,4.52
1001,The Pursuit of Clarity,Lager - Helles,
1002,Dirty Monkey,Stout - Coffee,
1003,Your Compliance Is Strongly Suggested,Stout - Imperial / Double,4.46
1004,Naturally Tangential Fascinations,IPA - Imperial / Double,4.28
1005,A Moment of Clandestine Barbarism,Wheat Beer - Witbier / Blanche,3.77
1006,The Garden of Earthly Delights VII (2021),Farmhouse Ale - Saison,4.08
1007,Deathproof,IPA - Imperial / Double Milkshake,4.18
1008,I Made This Map Myself,IPA - Imperial / Double,4.37
1009,One of Us Will Have To Bury the Other,Lager - American,4.11
1010,Subjective Interpretation Is An Understanding Nevertheless,Stout - Imperial / Double,4.41
1011,Waxarita,Sour - Other,
1012,Baby Bull,Pale Ale - American,3.87
1013,A Summer Moment In Hawaii,Wheat Beer - Other,
1014,A Canvas of Fragmented Memoirs,IPA - American,4.06
1015,Creamsicle IPA,IPA - American,
1016,Seekers Aren’t We All,IPA - American,4.13
1017,A Curious Volume of Forgotten Lore,IPA - Triple,4.36
1018,Spectral Embrace of the Breathless,IPA - American,4.01
1019,Coke A Bolo,Sour - Other,
1020,A Deeper Dissection of Harvest,IPA - Imperial / Double,4.43
1021,Excommunication From the Altar of Nonconformity,Stout - Imperial / Double,4.05
1022,The Keeper's Veil,Honey Beer,3.87
1023,Put Youth Behind You,Sour - Other,3.93
1024,Idol Dereliction,IPA - American,
1025,To Wear Their Bones Across My Shoulders,IPA - American,4.06
1026,Death Be No Escape in the Valley of the Neverstill,Stout - Imperial / Double,4.45
1027,Bright,Pilsner - Italian,3.92
1028,The Manifesto,IPA - Triple New England / Hazy,4.37
1029,Precipice of Self-Immolation,IPA - American,4.07
1030,Burial Visuals,Sour - Other,4.19
1031,Burial Bolo Nitro,Brown Ale - Other,4.17
1032,Beneath the Tides of Relative Impermanence,IPA - Imperial / Double,4.33
1033,Ancestral Destiny,Lager - Vienna,3.95
1034,Idyllic Perspectives of Nonsequitur,Stout - Imperial / Double,4.06
1035,The Wretched Pit of Identity,IPA - American,3.96
1036,Radiate Indefinitely,Cider - Other Fruit,3.87
1037,The World Is Not My Home,Sour - Fruited,4.05
1038,Pardoned of Our Demons,Sour - Other,4.01
1039,Tou Cant Get There From Here (prickly Pear And Pink Guava),Sour - Fruited Gose,
1040,Lessons In Solitude: Portrait I,IPA - American,3.95
1041,A Conscious Decision For Brevity,Farmhouse Ale - Saison,3.74
1042,Storied Relics of Death's Certain Path,IPA - Imperial / Double,4.18
1043,The Paranormal Electricity of Trans-Pacific Airwaves,IPA - American,4.18
1044,Lessons In Solitude: Portrait II,Stout - Imperial / Double,4.33
1045,Salted Caramel Espresso Imperial Stout Frappe Slushie,Stout - Imperial / Double Coffee,4.1
1046,We Go In Shadows,Sour - Fruited,
1047,And Heathens We Shall Be,IPA - Imperial / Double,4.31
1048,Feather From the Ashes,IPA - American,3.96
1049,A Subtle Explanation of Fate's Role In Nothing,Stout - Imperial / Double,4.42
1050,Camp Bier,Traditional Ale,3.78
1051,To Drain Blood From the Night Sky,IPA - Imperial / Double,4.27
1052,A Ravenous Yearning For Lessons of Old West Coast,IPA - American,4.04
1053,Lessons of Solitude,Stout - Coffee,
1054,All You've Found at the Apex of Insanity,IPA - American,4.15
1055,An Odyssey In Continuity Nonetheless,Stout - Imperial / Double,4.39
1056,Thresher,Farmhouse Ale - Other,3.81
1057,Deformation,Pilsner - Other,
1058,Show A Little Faith,IPA - Triple,4.28
1059,A Harbinger of Societal Doom,IPA - American,3.96
1060,In the Wake of Destruction,Sour - Fruited,4.12
1061,Harvest Jam 2021,Pale Ale - American,
1062,And Now At the Moment of Our End,IPA - Triple,4.37
1063,In the Midst of Cruel Abandon,IPA - Imperial / Double,4.31
1064,Mystic Caravan,IPA - American,3.94
1065,The World the Mortals Returned,Stout - Imperial / Double,4.38
1066,A Place of Calm Abiding,Stout - Imperial / Double,4.31
1067,The Space Where the Supernatural Roam,Stout - Imperial / Double,4.44
1068,Too Much To Bear,Strong Ale - Other,4.25
1069,A Moderation that was Within Reach,Sour - Fruited,4.18
1070,Cosmic Dust (2021),Sour - Other,
1071,Without Which I Would Never Be,Sour - Other,3.97
1072,Hurricane IPA Slushie,IPA - American,
1073,Instructions for the Underworld,IPA - American,4.11
1074,Preternatural Deviance,IPA - Triple,4.37
1075,When Destiny Fails And We All Disappear,IPA - Imperial / Double,4.31
1076,The Farewell To Foes We Neversaid,Stout - Imperial / Double,4.34
1077,"Before Us, Above Us, Within Us",Farmhouse Ale - Saison,3.91
1078,The Separation of Light And Darkness With Peaches And Nectarines (2021 Harvest),Sour - Fruited,4.1
1079,Ladybirds And the Bees (2021),Sour - Other,
1080,We Were Lost On Our Way Home,IPA - Imperial / Double,4.01
1081,Things We See in Our Heads Are Realities Nevertheless,Stout - Imperial / Double,4.27
1082,Deliverance From the Other Side,Bock - Hell / Maibock / Lentebock,3.96
1083,In the Fog,Cider - Dry,3.8
1084,Isolated In Digital Blatherings,IPA - American,4.13
1085,A Disorientation Along the Path To Nowhere,Stout - Imperial / Double,4.43
1086,Flying Lizard,Sour - Fruited,
1087,We All Shall Stray From This Ordained Path,Sour - Fruited,3.94
1088,False Fruit,Sour - Fruited,
1089,In Between Dystopia And Desire,IPA - Triple,4.43
1090,The Depiction of A Comfort Neverknown,Stout - Imperial / Double,4.32
1091,To Ascend Into the Abstract,IPA - Imperial / Double,4.33
1092,Forborne Desires of the Malignant,Farmhouse Ale - Saison,3.94
1093,Back From the Bends,IPA - Triple,4.32
1094,The Second Congregation of the Extraterrestrial Occult,IPA - American,4.2
1095,For It Inspires Revelatory Journeys To No Place,Stout - Imperial / Double,4.34
1096,The Prolific Expanse of Descriptive Nomenclature,IPA - American,4.03
1097,Careless Indulgence,Lager - Dark,3.98
1098,The Deception of Innocence,IPA - Imperial / Double,4.3
1099,Ultralight,Lager - Helles,3.95
1100,The Slaughter of the Pure,IPA - American,3.85
1101,Morphic Resonance of Human Frequencies,IPA - Imperial / Double,4.28
1102,Intrinsic Dialogue of Mortal Wavelengths,IPA - Triple,4.36
1103,Whatever You Must,Sour - Other,3.94
1104,Meditative Variations On the Sanctum of the Unholy,Stout - Imperial / Double,4.42
1105,"Utah, Get Me Two",Lager - Helles,
1106,Plague of Ends,IPA - American,4.13
1107,An Adoration of the Unnatural,Stout - Imperial / Double,4.34
1108,Frozen Relics of A Moving World,Farmhouse Ale - Saison,3.95
1109,Standing In A Shaft of Light,IPA - Sour,3.72
1110,That Which Induces Boundless Experience,IPA - American,4.18
1111,May We Walk in Their Shadows Forever,IPA - Imperial / Double,4.37
1112,The Abominable Damnation of Creatures Nevertold,Stout - Imperial / Double,4.46
1113,Iridescent Illusions in a Microcosm,IPA - American,3.96
1114,I Once Left My Mind In A Bed-Stuy Juice Bar,IPA - Triple New England / Hazy,4.41
1115,I Used To,IPA - Imperial / Double,4.29
1116,There Is Only Perception Where Fact Once Laid,IPA - American,4.09
1117,Where Everything Was Perfect in the Pits of Aimless Dissatisfaction,Stout - Imperial / Double,4.42
1118,Amendment of Carnivorous Habits,Pilsner - Other,3.82
1119,Dusk,Lager - Dark,4.06
1120,The Continual Spectrum of Human Introspection,IPA - Triple New England / Hazy,4.41
1121,Gang of Blades (2022 And Beyond),IPA - Imperial / Double,4.22
1122,What You Were Given And What You Found Along the Way,Stout - Imperial / Double,4.4
1123,Terrestrial Requiem,Porter - American,3.76
1124,For All We Were Meant To Be,IPA - American,4.09
1125,Shaped By the Inevitable Sands of Time,Cider - Dry,
1126,Shaped By the Inevitable Passing of Time,Cider - Dry,
1127,All We Want Is Everything,IPA - Imperial / Double New England / Hazy,4.29
1128,All We Become Is Just Dirt In the Ground,IPA - Imperial / Double,4.34
1129,Extra,Pilsner - Other,3.94
1130,The Gospel Remains Unattainable,Stout - Imperial / Double,4.41
1131,Heretical Ascendency,Lager - Helles,3.73
1132,Here Comes Your Ghost Again,Sour - Other,4.0
1133,Above the Threshold of Hell,IPA - American,4.2
1134,This Existential Residue Has Transformed Into Absolutely Nothing,Stout - Imperial / Double,4.45
1135,The Mechanistic Unraveling of Circadian Rhythms,IPA - Imperial / Double,4.31
1136,Vehement Antipathy For the Unrealistic,Stout - Imperial / Double,4.42
1137,Entombed In Collapsing Consciousness,Porter - Other,
1138,The Vessels That Lifted Us To the Afterworld,Lager - Dark,4.06
1139,Adrift Within A Boundless Blaze,Sour - Berliner Weisse,3.84
1140,Enlightened Aren't We All,IPA - American,4.15
1141,The End Comes Before the Beginning,Porter - Other,3.97
1142,Abstract Opulence: Illusion 1,Cream Ale,4.17
1143,The Elasticity of Self,Farmhouse Ale - Saison,3.74
1144,Black Rye Lager,Lager - Dark,
1145,I Knew You Before You Even Existed,IPA - Imperial / Double,4.33
1146,Fade,Lager - Dark,3.95
1147,Downtown Rulers,IPA - American,3.96
1148,Until Madness Subsides We Remain Neverstill,Stout - Imperial / Double,4.46
1149,Illuminated Curiosities,IPA - New England / Hazy,
1150,Unrealistic Zombie,Sour - Other,
1151,Lost In the Vapors,IPA - American,4.16
1152,A Pontificating Diatribe of Nonsequitur,Stout - Imperial / Double,4.48
1153,A Vulgar Mutilation of Truth,IPA - American,4.15
1154,Blackberry Farm,Farmhouse Ale - Saison,
1155,Abstract Opulence: Illusion 2,Cream Ale,4.14
1156,A Portal Through the Continuum of Nonexistence,Stout - Imperial / Double,4.46
1157,The Cruel Specter of Uncertainty,Stout - Irish Dry,3.83
1158,Never Try to Look Away From the Light,IPA - American,3.84
1159,A Guide To Safely Stewarding the Contents of One’s Consciousness,IPA - Imperial / Double New England / Hazy,4.34
1160,We Are Here Forever Saison,Farmhouse Ale - Saison,3.95
1161,The Unfathomable Duality of Being,Lager - Dark,4.02
1162,Just To Be Disoriented and Staring Into Middle Distance,IPA - American,4.18
1163,Not All the Spoils Are Rancid Uselessness,Stout - Imperial / Double,4.46
1164,Extra Dry-Hopped American Pilsner,Pilsner - Other,
1165,8th Nail,Sour - Other,
1166,For We Shall Wander this Road to Oblivion,IPA - Triple New England / Hazy,4.44
1167,Fall of the Rebel Angels (2022 Release),Sour - Fruited,4.01
1168,A Postulation On Precarious Thought And Transient Delusion,IPA - Imperial / Double,4.33
1169,Abstract Opulence: Illusion 3,Cream Ale,4.05
1170,Necessity For Transformation,IPA - American,4.17
1171,Never Forgotten Triumphs,IPA - American,3.96
1172,Billhook Dry-Hopped Saison (2022),Farmhouse Ale - Saison,3.69
1173,Pina Colada IPA,IPA - American,
1174,Because There Will Always Be Something More,IPA - American,4.18
1175,Augment the Illusion,Cider - Other Fruit,3.67
1176,A Fully Experienced Sense of Being,IPA - Triple New England / Hazy,4.29
1177,It Was Too Late To Quantify the Dangers of Imaginative Misrepresentation,Stout - Imperial / Double,4.42
1178,Since We All Return To Dirt,Sour - Fruited,4.03
1179,Amalgamated Impulses At the Temple of Thought,IPA - Imperial / Double New England / Hazy,4.38
1180,Walking Through the Abyss Into Nonsequitur,Stout - Imperial / Double,4.5
1181,Cosmic Integration,IPA - American,3.97
1182,The Prayer Biere De Abricot,Fruit Beer,
1183,Curious Interactions With Cognitive Dissonance,IPA - American,4.19
1184,Sharp,Bock - Hell / Maibock / Lentebock,3.94
1185,Whale Watching: Part of A Complete Breakfast,Stout - Imperial / Double Pastry,
1186,The Third Fellowship of the Extraterrestrial Occult,IPA - American,4.21
1187,Skillet Cakes,Stout - Coffee,4.3
1188,Seasoned Skillet (2022),Stout - Imperial / Double,4.4
1189,An Actuality Rife With Frequent Unavailability,Farmhouse Ale - Saison,3.89
1190,Should You Ever Awaken From This Impossible Illusion,Pale Ale - American,4.13
1191,Only Then Shall You Truly Exhibit the Symptom of Death,IPA - Imperial / Double,4.37
1192,The Pattern of Devastation We Became,IPA - American,3.96
1193,The Ostensible Realities of Fanatical Unforgiveness,Stout - Imperial / Double,4.46
1194,Garden of Earthly Delights VIII (2022),Farmhouse Ale - Saison,4.08
1195,Phantoms of Self,IPA - American,4.08
1196,Dissolution of the Ego,IPA - Imperial / Double,4.16
1197,Abstract Opulence: Illusion 4,Cream Ale,4.02
1198,In the Absence of Forbidden Magic,IPA - American,3.9
1199,Za'atar Skillet,Stout - Coffee,4.08
1200,Hazelnut French Toast Skillet,Stout - Coffee,3.93
1201,Chai Skillet,Stout - Coffee,3.9
1202,Jelly Chocolate Donut Skillet,Stout - Coffee,3.93
1203,A Remedy For Utmost Dissatisfaction,Farmhouse Ale - Saison,
1204,The Clandestine Quest of Wayward Creatures,IPA - American,4.04
1205,Formed By Involuntary Responses To Experiential Stimuli,IPA - Imperial / Double New England / Hazy,4.3
1206,The Incongruence Between What We Know And What We Pretend To Be,IPA - Triple,4.31
1207,Perspectives From the Ninth Sense,Pilsner - Other,3.91
1208,Unavoidable Narrative,Pilsner - Czech,4.1
1209,This Legacy Is An Obstruction To Unbridled Curiosity,Stout - Imperial / Double,4.41
1210,Ninth Passing,Stout - Imperial / Double,4.47
1211,Anno Domini MMXXII,Stout - Imperial / Double,4.28
1212,Fall of the Damned (2022 Release),Sour - Fruited,4.12
1213,A Memoir of Truly Surreal Times,IPA - American,4.14
1214,The Wretched Exile of the Unrepentant,Stout - Imperial / Double,4.45
1215,Unrealistic Appraisals of Character,Sour - Other,4.02
1216,Hope Is As Hollow As Fear,IPA - Triple New England / Hazy,4.38
1217,All You Know For Certain Is That You Know Absolutely Nothing At All,Stout - Imperial / Double,4.38
1218,An Imperceptible Everything,Farmhouse Ale - Saison,3.91
1219,Mojito Seltzer,Hard Seltzer,
1220,At the Mercy of Our Manifestations,IPA - Imperial / Double,4.26
1221,Billows Dry-Hopped Kolsch (2022),Kölsch,4.0
1222,Portal Near the Bounds of Nonexistence,Stout - Imperial / Double,4.5
1223,A Functional Assessment of Mortality,IPA - American,4.02
1224,We Are All Just One Step Away,IPA - Imperial / Double,4.33
1225,What if There’s Another World,IPA - American,4.06
1226,In Different Spaces And In the Same,IPA - Imperial / Double,4.13
1227,Permeate the Mind,Cider - Perry,
1228,A Collection of Idiocy From A Top Notch Moron,IPA - Imperial / Double,
1229,Treading Onward Towards Oblivion,IPA - Imperial / Double,
1230,Provincial Illusions of Antiquity,IPA - American,
1231,Tonin' the Destroyer,IPA - American,4.18
1232,Please Rescue Me From My Own Ignorant Barrage of Nonsequitur,Stout - Imperial / Double,4.48
1233,Burial the Legacy Is An Obstruction To Unbridled Curiosity,Stout - Imperial / Double,
